Designator,Val,Package,Mid X,Mid Y,Rotation,Layer
BTN1,1825910-6,SW4_1825910-B_TEC,15.6275,-53.299999,0.0,top
BTN2,1825910-6,SW4_1825910-B_TEC,34.7525,-53.299999,0.0,top
C1,12p,C_0402_1005Metric,65.33,-36.35,180.0,top
C10,2.2u,C_0805_2012Metric,84.72,-33.66,90.0,top
C11,100n,C_0402_1005Metric,72.57,-30.7,0.0,top
C12,100n,C_0402_1005Metric,88.075,-2.3,180.0,top
C13,10n,C_0402_1005Metric,68.4,-40.3,90.0,top
C14,10u,C_0603_1608Metric,87.5,-0.925,180.0,top
C15,1u,C_0603_1608Metric,66.85,-40.15,90.0,top
C16,10u,C_0603_1608Metric,112.4,-23.15,-90.0,top
C17,1u,C_0603_1608Metric,64.85,-40.225,90.0,top
C18,100n,C_0402_1005Metric,25.18,-5.9,180.0,top
C19,10u,C_0603_1608Metric,25.225,-7.25,180.0,top
C2,12p,C_0402_1005Metric,62.85,-36.35,0.0,top
C20,10u,C_0603_1608Metric,79.4,-57.275,-90.0,top
C21,100n,C_0402_1005Metric,81.1,-57.58,-90.0,top
C22,10u,C_0603_1608Metric,86.025,-64.25,-90.0,top
C23,10u,C_0603_1608Metric,85.925,-50.7,90.0,top
C24,10u,C_0603_1608Metric,87.675,-64.175,-90.0,top
C25,100n,C_0402_1005Metric,85.175,-53.475,90.0,top
C26,100n,C_0402_1005Metric,86.75,-61.35,0.0,top
C27,100n,C_0402_1005Metric,86.3,-53.475,90.0,top
C28,100n,C_0402_1005Metric,83.475,-61.99,-90.0,top
C29,1u,C_0402_1005Metric,91.155,-89.225,0.0,top
C3,100n,C_0402_1005Metric,60.65,-39.9,180.0,top
C30,1u,C_0402_1005Metric,86.4,-94.65,0.0,top
C31,100n,C_0402_1005Metric,84.6,-61.995,-90.0,top
C32,10u,C_0603_1608Metric,83.235,-64.6,0.0,top
C33,100n,C_0402_1005Metric,97.0,-92.925,180.0,top
C34,100n,C_0402_1005Metric,88.06,-91.68,90.0,top
C35,100u,CHEMI-F80,102.0319,-88.5,0.0,top
C36,100u,CHEMI-F80,102.21,-96.25,0.0,top
C37,2.2u,C_0805_2012Metric,80.37,-61.97,90.0,top
C38,2.2u,C_0805_2012Metric,77.9,-61.96,90.0,top
C39,2.2u,C_0805_2012Metric,96.51,-59.24,180.0,top
C4,10u,C_0603_1608Metric,67.2,-34.125,90.0,top
C40,2.2u,C_0805_2012Metric,96.51,-61.615,180.0,top
C41,220p,C_0402_1005Metric,98.97,-59.22,-90.0,top
C42,220p,C_0402_1005Metric,99.01,-61.56,90.0,top
C43,100n,C_0402_1005Metric,103.065,-22.70102,-90.0,top
C44,100n,C_0402_1005Metric,106.18,-47.63,-90.0,top
C45,22u,C_0805_2012Metric,101.265,-23.25102,-90.0,top
C46,10u,C_0603_1608Metric,107.56,-47.97,-90.0,top
C47,10n,C_0402_1005Metric,100.28,-47.1,180.0,top
C48,10u,C_0603_1608Metric,99.8,-48.95,180.0,top
C49,22u,C_0805_2012Metric,109.365,-23.10102,-90.0,top
C5,100n,C_0402_1005Metric,68.6,-34.13,90.0,top
C50,100n,C_0402_1005Metric,49.46,-69.8,180.0,top
C51,10u,C_0603_1608Metric,49.2,-68.3,180.0,top
C52,100n,C_0402_1005Metric,64.21,-51.9,180.0,top
C6,100n,C_0402_1005Metric,73.02,-46.0,180.0,top
C7,100n,C_0402_1005Metric,81.02,-44.82,-90.0,top
C8,2.2u,C_0805_2012Metric,81.0,-47.05,0.0,top
C9,100n,C_0402_1005Metric,82.52,-33.24,0.0,top
CN1,HX JN1.27-2X5 TP H4.9,IDC-SMD_10P-P1.27-3220-10-0300-00,72.06,-21.58,180.0,top
D1,RED,LED_0603_1608Metric,59.97,-9.59,0.0,top
D2,RCLAMP0521P-N,X1-DFN1006-2_L1.0-W0.6-P0.65-BI,90.105,-2.275,180.0,top
D3,YELLOW_LED,LED_0603_1608Metric,50.56,-56.4925,90.0,top
D4,YELLOW_LED,LED_0603_1608Metric,53.54,-56.5325,90.0,top
D5,YELLOW_LED,LED_0603_1608Metric,56.71,-56.43,90.0,top
D6,GREEN LED,LED_0805_2012Metric,116.18,-22.5,180.0,top
ER-OLEDM015-2W1,~,ER-OLEDM015-2,31.38,-21.0,0.0,top
FB1,100@100MHz,L_0805_2012Metric,107.525,-9.3375,90.0,top
FB2,600Ω@100MHz,R_0805_2012Metric,108.48,-45.22,180.0,top
FB3,120@100Mhz,R_0603_1608Metric,65.975,-42.575,180.0,top
J1,DM3CS-SF,HRS_DM3CS-SF,88.0,-10.45,180.0,top
J2,HEADPHONES,AUDIO-SMD_PJ-320D-1,113.975,-82.0,180.0,top
J3,AUDIO_IN,AUDIO-SMD_PJ-320D-1,113.875,-56.85,180.0,top
J4,AUDIO_OUT,AUDIO-SMD_PJ-320D-1,114.025,-69.4,180.0,top
J5,USB_C_Receptacle_USB2.0_16P,USB_C_Receptacle_GCT_USB4105-xx-A_16P_TopMnt_Horizontal,116.785,-37.93,90.0,top
L2,10u,L_Sunlord_MWSA0618S,106.265,-17.40102,0.0,top
POT_1,PTV09A-4225F-B104,PTV09,15.85,-92.373,0.0,top
POT_2,PTV09A-4225F-B104,PTV09,35.85,-92.373,0.0,top
POT_3,PTV09A-4225F-B104,PTV09,55.85,-92.373,0.0,top
POT_4,PTV09A-4225F-B104,PTV09,94.32,-112.103,0.0,top
POT_5,PTV09A-4225F-B104,PTV09,15.85,-112.373,0.0,top
POT_6,PTV09A-4225F-B104,PTV09,35.85,-112.373,0.0,top
POT_7,PTV09A-4225F-B104,PTV09,55.85,-112.373,0.0,top
POT_8,PTV09A-4225F-B104,PTV09,75.85,-112.373,0.0,top
R1,1k,R_0402_1005Metric,56.82,-9.59,180.0,top
R10,10k,R_0402_1005Metric,87.9,-20.11,90.0,top
R11,1k,R_0402_1005Metric,50.57,-53.62,-90.0,top
R12,1k,R_0402_1005Metric,53.5205,-53.65,-90.0,top
R13,1k,R_0402_1005Metric,56.701,-53.56,-90.0,top
R14,4k7,R_0402_1005Metric,90.625,-57.175,180.0,top
R15,4k7,R_0402_1005Metric,90.615,-55.9,180.0,top
R16,RK09L12D0A1W,RK09L12D0A1W_AAL,75.361601,-91.868499,0.0,top
R17,22k,R_0402_1005Metric,93.56,-89.25,0.0,top
R18,22k,R_0402_1005Metric,88.51,-94.65,0.0,top
R19,33k,R_0402_1005Metric,95.76,-90.9,-90.0,top
R2,10k,R_0402_1005Metric,60.65,-38.6,0.0,top
R20,33k,R_0402_1005Metric,91.87,-94.6,0.0,top
R21,200k,R_0402_1005Metric,100.11,-59.23,90.0,top
R22,200k,R_0402_1005Metric,100.11,-61.56,-90.0,top
R23,47k,R_0402_1005Metric,80.32,-64.45,0.0,top
R24,47k,R_0402_1005Metric,77.94,-64.42,180.0,top
R25,100,R_0402_1005Metric,80.94,-66.02,-90.0,top
R26,100,R_0402_1005Metric,77.41,-65.99,-90.0,top
R27,1k,R_0402_1005Metric,104.08,-58.72,180.0,top
R28,1k,R_0402_1005Metric,104.06,-62.07,180.0,top
R29,5k1,R_0402_1005Metric,116.49,-31.75,180.0,top
R3,10k,R_0402_1005Metric,63.24,-9.575,0.0,top
R30,5k1,R_0402_1005Metric,116.49,-44.0,180.0,top
R31,100k,R_0402_1005Metric,106.165,-25.60102,180.0,top
R32,22k,R_0402_1005Metric,103.565,-25.60102,180.0,top
R33,1k5,R_0402_1005Metric,116.665,-24.575,180.0,top
R34,1k,R_0402_1005Metric,64.2,-53.175,0.0,top
R4,47k,R_0402_1005Metric,62.84,-37.45,0.0,top
R5,22,R_0402_1005Metric,78.0,-29.71,90.0,top
R6,10k,R_0402_1005Metric,82.6,-20.11,90.0,top
R7,10k,R_0402_1005Metric,90.95,-20.11,90.0,top
R8,10k,R_0402_1005Metric,94.0,-20.11,90.0,top
R9,10k,R_0402_1005Metric,84.85,-20.11,90.0,top
SW1,100SP1T1B4M2QE,SW_100SP1T1B4M2QE,35.0,-68.8,0.0,top
SW2,100SP1T1B4M2QE,SW_100SP1T1B4M2QE,15.875,-68.8,0.0,top
SW_1,BOOT_MODE,SW-TH_SHOU-HAN_SS12D10G4,62.6,-4.9,0.0,top
SW_2,SW_RESET,SW-SMD_L3.9-W3.0-P4.45,58.95,-42.9,180.0,top
U1,STM32F405RGTx,LQFP-64_10x10mm_P0.5mm,76.1,-38.375,270.0,top
U2,ES8388,ES8388,85.05,-58.075,-90.0,top
U3,TPA6110A2DGN,HVSSOP-8-1EP_3x3mm_P0.65mm_EP1.57x1.89mm,91.91,-92.175,0.0,top
U4,USBLC6-2SC6,SOT-23-6,109.65,-37.5,90.0,top
U5,TLV62569DBV,SOT-23-5,105.9275,-23.05102,90.0,top
U6,SPX3819M5-L-3-3,SOT-23-5,103.5075,-48.05,90.0,top
U7,CD4051BM,SOIC127P600X175-16N,54.555,-74.275,90.0,top
X1,X1E000210127000G,CRYSTAL-SMD_4P-L3.2-W2.5-BL,63.835,-33.9,180.0,top
